Workbook

Sheet Недели
A1: Экспортные цены на лосось из Норвегии по неделям 2026 года, NOK/кг и ₽/кг
A2: Цена — средняя экспортная цена на границе Норвегии (FOB), включая фрахт и терминальные расходы. Это не розничная цена. Рубли = цена в NOK × курс ЦБ РФ на последнюю дату недели (если курса на воскресенье нет — на ближайшую предыдущую дату). Серые строки — недели вне 6-месячного окна, для контекста.
A4: Период | E4: Курс ЦБ РФ | G4: SSB: свежий/охлаждённый лосось (целая рыба) | K4: SSB: замороженный лосось (целая рыба) | N4: Sjømatrådet: свежая целая рыба | R4: Sjømatrådet: свежее филе
A5: Неделя ISO 2026 | B5: Начало недели (пн) | C5: Конец недели (вс) | D5: В 6-мес. окне? | E5: Дата курса ЦБ | F5: Курс, ₽ за 1 NOK | G5: Цена, NOK за 1 кг | H5: Цена, ₽ за 1 кг | I5: Объём экспорта, тонн | J5: Изменение за неделю, % | K5: Цена, NOK за 1 кг | L5: Цена, ₽ за 1 кг | M5: Объём, тонн | N5: Цена, NOK за 1 кг | O5: Цена, ₽ за 1 кг | P5: Объём, тонн | Q5: Та же неделя 2025, NOK за 1 кг | R5: Цена, NOK за 1 кг | S5: Цена, ₽ за 1 кг | T5: Объём, тонн
A6: 14 | B6: 46111 | C6: 46117 | D6: нет (контекст) | E6: =INDEX('Курсы ЦБ'!$A$5:$A$146,MATCH(C6,'Курсы ЦБ'!$A$5:$A$146,1)) -> 46116 | F6: =INDEX('Курсы ЦБ'!$D$5:$D$146,MATCH(C6,'Курсы ЦБ'!$A$5:$A$146,1)) -> 8.25535 | G6: 89.13 | H6: =ROUND(G6*F6,2) -> 735.8 | I6: 16503 | K6: 63.72 | L6: =ROUND(K6*F6,2) -> 526.03 | M6: 208 | N6: 89.15 | O6: =IF(N6="","",ROUND(N6*F6,2)) -> 735.96 | P6: 16530 | Q6: 77.46 | R6: 173.08 | S6: =IF(R6="","",ROUND(R6*F6,2)) -> 1428.84 | T6: 2242
A7: 15 | B7: 46118 | C7: 46124 | D7: нет (контекст) | E7: =INDEX('Курсы ЦБ'!$A$5:$A$146,MATCH(C7,'Курсы ЦБ'!$A$5:$A$146,1)) -> 46123 | F7: =INDEX('Курсы ЦБ'!$D$5:$D$146,MATCH(C7,'Курсы ЦБ'!$A$5:$A$146,1)) -> 8.08364 | G7: 85.17 | H7: =ROUND(G7*F7,2) -> 688.48 | I7: 18610 | J7: =G7/G6-1 -> -0.044429485 | K7: 75.37 | L7: =ROUND(K7*F7,2) -> 609.26 | M7: 421 | N7: 87.09 | O7: =IF(N7="","",ROUND(N7*F7,2)) -> 704 | P7: 18706 | Q7: 79.55 | R7: 137.97 | S7: =IF(R7="","",ROUND(R7*F7,2)) -> 1115.3 | T7: 2323
A8: 16 | B8: 46125 | C8: 46131 | D8: нет (контекст) | E8: =INDEX('Курсы ЦБ'!$A$5:$A$146,MATCH(C8,'Курсы ЦБ'!$A$5:$A$146,1)) -> 46130 | F8: =INDEX('Курсы ЦБ'!$D$5:$D$146,MATCH(C8,'Курсы ЦБ'!$A$5:$A$146,1)) -> 8.11064 | G8: 77.31 | H8: =ROUND(G8*F8,2) -> 627.03 | I8: 20224 | J8: =G8/G7-1 -> -0.092286016 | K8: 71.61 | L8: =ROUND(K8*F8,2) -> 580.8 | M8: 561 | N8: 78.1 | O8: =IF(N8="","",ROUND(N8*F8,2)) -> 633.44 | P8: 20446 | Q8: 98.77 | R8: 134.13 | S8: =IF(R8="","",ROUND(R8*F8,2)) -> 1087.88 | T8: 2720
A9: 17 | B9: 46132 | C9: 46138 | D9: да | E9: =INDEX('Курсы ЦБ'!$A$5:$A$146,MATCH(C9,'Курсы ЦБ'!$A$5:$A$146,1)) -> 46137 | F9: =INDEX('Курсы ЦБ'!$D$5:$D$146,MATCH(C9,'Курсы ЦБ'!$A$5:$A$146,1)) -> 8.09328 | G9: 76.49 | H9: =ROUND(G9*F9,2) -> 619.05 | I9: 19294 | J9: =G9/G8-1 -> -0.010606649 | K9: 69.21 | L9: =ROUND(K9*F9,2) -> 560.14 | M9: 486 | N9: 76.38 | O9: =IF(N9="","",ROUND(N9*F9,2)) -> 618.16 | P9: 19395 | Q9: 90.06 | R9: 129.17 | S9: =IF(R9="","",ROUND(R9*F9,2)) -> 1045.41 | T9: 2625
A10: 18 | B10: 46139 | C10: 46145 | D10: да | E10: =INDEX('Курсы ЦБ'!$A$5:$A$146,MATCH(C10,'Курсы ЦБ'!$A$5:$A$146,1)) -> 46143 | F10: =INDEX('Курсы ЦБ'!$D$5:$D$146,MATCH(C10,'Курсы ЦБ'!$A$5:$A$146,1)) -> 8.06136 | G10: 83.51 | H10: =ROUND(G10*F10,2) -> 673.2 | I10: 17714 | J10: =G10/G9-1 -> 0.091776703 | K10: 80.78 | L10: =ROUND(K10*F10,2) -> 651.2 | M10: 324 | N10: 83.74 | O10: =IF(N10="","",ROUND(N10*F10,2)) -> 675.06 | P10: 17818 | Q10: 76.11 | R10: 155 | S10: =IF(R10="","",ROUND(R10*F10,2)) -> 1249.51 | T10: 2486
A11: 19 | B11: 46146 | C11: 46152 | D11: да | E11: =INDEX('Курсы ЦБ'!$A$5:$A$146,MATCH(C11,'Курсы ЦБ'!$A$5:$A$146,1)) -> 46151 | F11: =INDEX('Курсы ЦБ'!$D$5:$D$146,MATCH(C11,'Курсы ЦБ'!$A$5:$A$146,1)) -> 8.04665 | G11: 82.58 | H11: =ROUND(G11*F11,2) -> 664.49 | I11: 21966 | J11: =G11/G10-1 -> -0.011136391 | K11: 68.27 | L11: =ROUND(K11*F11,2) -> 549.34 | M11: 571 | N11: 85.02 | O11: =IF(N11="","",ROUND(N11*F11,2)) -> 684.13 | P11: 22019 | Q11: 75.79 | R11: 133.62 | S11: =IF(R11="","",ROUND(R11*F11,2)) -> 1075.19 | T11: 2956
A12: 20 | B12: 46153 | C12: 46159 | D12: да | E12: =INDEX('Курсы ЦБ'!$A$5:$A$146,MATCH(C12,'Курсы ЦБ'!$A$5:$A$146,1)) -> 46158 | F12: =INDEX('Курсы ЦБ'!$D$5:$D$146,MATCH(C12,'Курсы ЦБ'!$A$5:$A$146,1)) -> 7.97552 | G12: 77.29 | H12: =ROUND(G12*F12,2) -> 616.43 | I12: 20806 | J12: =G12/G11-1 -> -0.064059094 | K12: 70.77 | L12: =ROUND(K12*F12,2) -> 564.43 | M12: 363 | N12: 79.46 | O12: =IF(N12="","",ROUND(N12*F12,2)) -> 633.73 | P12: 20784 | Q12: 77.89 | R12: 129.49 | S12: =IF(R12="","",ROUND(R12*F12,2)) -> 1032.75 | T12: 2470
A13: 21 | B13: 46160 | C13: 46166 | D13: да | E13: =INDEX('Курсы ЦБ'!$A$5:$A$146,MATCH(C13,'Курсы ЦБ'!$A$5:$A$146,1)) -> 46165 | F13: =INDEX('Курсы ЦБ'!$D$5:$D$146,MATCH(C13,'Курсы ЦБ'!$A$5:$A$146,1)) -> 7.71378 | G13: 73.94 | H13: =ROUND(G13*F13,2) -> 570.36 | I13: 22386 | J13: =G13/G12-1 -> -0.043343253 | K13: 65.27 | L13: =ROUND(K13*F13,2) -> 503.48 | M13: 516 | N13: 74.5 | O13: =IF(N13="","",ROUND(N13*F13,2)) -> 574.68 | P13: 22418 | Q13: 78.68 | R13: 126.16 | S13: =IF(R13="","",ROUND(R13*F13,2)) -> 973.17 | T13: 2689
A14: 22 | B14: 46167 | C14: 46173 | D14: да | E14: =INDEX('Курсы ЦБ'!$A$5:$A$146,MATCH(C14,'Курсы ЦБ'!$A$5:$A$146,1)) -> 46172 | F14: =INDEX('Курсы ЦБ'!$D$5:$D$146,MATCH(C14,'Курсы ЦБ'!$A$5:$A$146,1)) -> 7.64372 | G14: 76.29 | H14: =ROUND(G14*F14,2) -> 583.14 | I14: 19539 | J14: =G14/G13-1 -> 0.031782526 | K14: 69.98 | L14: =ROUND(K14*F14,2) -> 534.91 | M14: 423 | N14: 77.55 | O14: =IF(N14="","",ROUND(N14*F14,2)) -> 592.77 | P14: 19206 | Q14: 70.87 | R14: 161.1 | S14: =IF(R14="","",ROUND(R14*F14,2)) -> 1231.4 | T14: 2456
A15: 23 | B15: 46174 | C15: 46180 | D15: да | E15: =INDEX('Курсы ЦБ'!$A$5:$A$146,MATCH(C15,'Курсы ЦБ'!$A$5:$A$146,1)) -> 46179 | F15: =INDEX('Курсы ЦБ'!$D$5:$D$146,MATCH(C15,'Курсы ЦБ'!$A$5:$A$146,1)) -> 7.88581 | G15: 72.78 | H15: =ROUND(G15*F15,2) -> 573.93 | I15: 22409 | J15: =G15/G14-1 -> -0.046008651 | K15: 74.77 | L15: =ROUND(K15*F15,2) -> 589.62 | M15: 250 | N15: 72.7 | O15: =IF(N15="","",ROUND(N15*F15,2)) -> 573.3 | P15: 22403 | Q15: 72.38 | R15: 128.01 | S15: =IF(R15="","",ROUND(R15*F15,2)) -> 1009.46 | T15: 2506
A16: 24 | B16: 46181 | C16: 46187 | D16: да | E16: =INDEX('Курсы ЦБ'!$A$5:$A$146,MATCH(C16,'Курсы ЦБ'!$A$5:$A$146,1)) -> 46185 | F16: =INDEX('Курсы ЦБ'!$D$5:$D$146,MATCH(C16,'Курсы ЦБ'!$A$5:$A$146,1)) -> 7.57617 | G16: 69.85 | H16: =ROUND(G16*F16,2) -> 529.2 | I16: 22593 | J16: =G16/G15-1 -> -0.040258313 | K16: 74.61 | L16: =ROUND(K16*F16,2) -> 565.26 | M16: 587 | N16: 70.68 | O16: =IF(N16="","",ROUND(N16*F16,2)) -> 535.48 | P16: 22665 | Q16: 82.82 | R16: 174.61 | S16: =IF(R16="","",ROUND(R16*F16,2)) -> 1322.88 | T16: 2447
A17: 25 | B17: 46188 | C17: 46194 | D17: да | E17: =INDEX('Курсы ЦБ'!$A$5:$A$146,MATCH(C17,'Курсы ЦБ'!$A$5:$A$146,1)) -> 46193 | F17: =INDEX('Курсы ЦБ'!$D$5:$D$146,MATCH(C17,'Курсы ЦБ'!$A$5:$A$146,1)) -> 7.57931 | G17: 70.31 | H17: =ROUND(G17*F17,2) -> 532.9 | I17: 25866 | J17: =G17/G16-1 -> 0.0065855404 | K17: 74.01 | L17: =ROUND(K17*F17,2) -> 560.94 | M17: 549 | N17: 70.33 | O17: =IF(N17="","",ROUND(N17*F17,2)) -> 533.05 | P17: 26012 | Q17: 76.37 | R17: 127.31 | S17: =IF(R17="","",ROUND(R17*F17,2)) -> 964.92 | T17: 2541
A18: 26 | B18: 46195 | C18: 46201 | D18: да | E18: =INDEX('Курсы ЦБ'!$A$5:$A$146,MATCH(C18,'Курсы ЦБ'!$A$5:$A$146,1)) -> 46200 | F18: =INDEX('Курсы ЦБ'!$D$5:$D$146,MATCH(C18,'Курсы ЦБ'!$A$5:$A$146,1)) -> 7.79166 | G18: 68.14 | H18: =ROUND(G18*F18,2) -> 530.92 | I18: 26564 | J18: =G18/G17-1 -> -0.03086332 | K18: 68.02 | L18: =ROUND(K18*F18,2) -> 529.99 | M18: 609 | N18: 68.1 | O18: =IF(N18="","",ROUND(N18*F18,2)) -> 530.61 | P18: 26661 | Q18: 68.9 | R18: 121.91 | S18: =IF(R18="","",ROUND(R18*F18,2)) -> 949.88 | T18: 2693
... A32: 40 | B32: 46293 | C32: 46299 | D32: да | E32: =INDEX('Курсы ЦБ'!$A$5:$A$146,MATCH(C32,'Курсы ЦБ'!$A$5:$A$146,1)) -> 46298 | F32: =INDEX('Курсы ЦБ'!$D$5:$D$146,MATCH(C32,'Курсы ЦБ'!$A$5:$A$146,1)) -> 8.67311 | G32: 73.8 | H32: =ROUND(G32*F32,2) -> 640.08 | I32: 30277 | J32: =G32/G31-1 -> 0.0028536486 | K32: 75.31 | L32: =ROUND(K32*F32,2) -> 653.17 | M32: 936 | N32: 74.4 | O32: =IF(N32="","",ROUND(N32*F32,2)) -> 645.28 | P32: 30519 | Q32: 78.29 | R32: 122.06 | S32: =IF(R32="","",ROUND(R32*F32,2)) -> 1058.64 | T32: 3410
A33: 41 | B33: 46300 | C33: 46306 | D33: да | E33: =INDEX('Курсы ЦБ'!$A$5:$A$146,MATCH(C33,'Курсы ЦБ'!$A$5:$A$146,1)) -> 46305 | F33: =INDEX('Курсы ЦБ'!$D$5:$D$146,MATCH(C33,'Курсы ЦБ'!$A$5:$A$146,1)) -> 8.86207 | G33: 72.55 | H33: =ROUND(G33*F33,2) -> 642.94 | I33: 27982 | J33: =G33/G32-1 -> -0.016937669 | K33: 72.12 | L33: =ROUND(K33*F33,2) -> 639.13 | M33: 819 | O33: =IF(N33="","",ROUND(N33*F33,2)) | S33: =IF(R33="","",ROUND(R33*F33,2))
A35: Итоги по неделям 17–41 (SSB, свежий лосось)
A36: Минимум | G36: =MIN(G9:G33) -> 67.31 | H36: =MIN(H9:H33) -> 524.9
A37: Максимум | G37: =MAX(G9:G33) -> 83.51 | H37: =MAX(H9:H33) -> 673.2
A38: Среднее по неделям | G38: =AVERAGE(G9:G33) -> 73.0696 | H38: =AVERAGE(H9:H33) -> 607.4444
A39: Среднее с учётом объёма | G39: =SUMPRODUCT(G9:G33,I9:I33)/SUM(I9:I33) -> 72.726907 | H39: =SUMPRODUCT(H9:H33,I9:I33)/SUM(I9:I33) -> 609.40021
A40: Сумма экспорта за недели 17–41, тонн | I40: =SUM(I9:I33) -> 654559
A42: Синий шрифт — данные из источников, чёрный — формулы. Курс подставляется из листа «Курсы ЦБ».

Sheet Месяцы
A1: Экспортные цены на лосось из Норвегии по месяцам 2026 года, NOK/кг и ₽/кг
A2: Источник: SSB, таблица 08799 (внешняя торговля по товарным кодам), экспорт, все страны; цена = экспортная стоимость ÷ вес. Данные предварительные. Рубли = цена в NOK × средний курс ЦБ РФ за месяц (среднее по всем датам месяца на листе «Курсы ЦБ»).
A4: Период | D4: Курс ЦБ РФ | E4: Свежая целая рыба (код 03021411) | J4: Свежее филе (03044100) | L4: Замороженная целая (03031311) | N4: Sjømatrådet: пресс-релиз
A5: Месяц | B5: Первый день | C5: Последний день | D5: Средний курс ЦБ, ₽ за 1 NOK | E5: Цена, NOK за 1 кг | F5: Цена, ₽ за 1 кг | G5: Объём, тонн | H5: Стоимость экспорта, млн NOK | I5: Стоимость экспорта, млн ₽ | J5: Цена, NOK за 1 кг | K5: Цена, ₽ за 1 кг | L5: Цена, NOK за 1 кг | M5: Цена, ₽ за 1 кг | N5: Цена, NOK за 1 кг | O5: Цена, ₽ за 1 кг
A6: Апрель 2026 | B6: 46113 | C6: 46142 | D6: =AVERAGEIFS('Курсы ЦБ'!$D$5:$D$146,'Курсы ЦБ'!$A$5:$A$146,">="&B6,'Курсы ЦБ'!$A$5:$A$146,"<="&C6) -> 8.1062941 | E6: 81.35 | F6: =ROUND(E6*D6,2) -> 659.45 | G6: 81723.1 | H6: 6648.5 | I6: =ROUND(H6*D6,1) -> 53894.7 | J6: 133.98 | K6: =ROUND(J6*D6,2) -> 1086.08 | L6: 75.74 | M6: =ROUND(L6*D6,2) -> 613.97 | N6: 82.02 | O6: =IF(N6="","",ROUND(N6*D6,2)) -> 664.88
A7: Май 2026 | B7: 46143 | C7: 46173 | D7: =AVERAGEIFS('Курсы ЦБ'!$D$5:$D$146,'Курсы ЦБ'!$A$5:$A$146,">="&B7,'Курсы ЦБ'!$A$5:$A$146,"<="&C7) -> 7.8704645 | E7: 77.73 | F7: =ROUND(E7*D7,2) -> 611.77 | G7: 86853.6 | H7: 6751.1 | I7: =ROUND(H7*D7,1) -> 53134.3 | J7: 130.59 | K7: =ROUND(J7*D7,2) -> 1027.8 | L7: 75.88 | M7: =ROUND(L7*D7,2) -> 597.21 | O7: =IF(N7="","",ROUND(N7*D7,2))
A8: Июнь 2026 | B8: 46174 | C8: 46203 | D8: =AVERAGEIFS('Курсы ЦБ'!$D$5:$D$146,'Курсы ЦБ'!$A$5:$A$146,">="&B8,'Курсы ЦБ'!$A$5:$A$146,"<="&C8) -> 7.7197385 | E8: 70.07 | F8: =ROUND(E8*D8,2) -> 540.92 | G8: 104439.3 | H8: 7317.7 | I8: =ROUND(H8*D8,1) -> 56490.7 | J8: 124.78 | K8: =ROUND(J8*D8,2) -> 963.27 | L8: 74.63 | M8: =ROUND(L8*D8,2) -> 576.12 | O8: =IF(N8="","",ROUND(N8*D8,2))
A9: Июль 2026 | B9: 46204 | C9: 46234 | D9: =AVERAGEIFS('Курсы ЦБ'!$D$5:$D$146,'Курсы ЦБ'!$A$5:$A$146,">="&B9,'Курсы ЦБ'!$A$5:$A$146,"<="&C9) -> 7.9976909 | E9: 70.28 | F9: =ROUND(E9*D9,2) -> 562.08 | G9: 121686.8 | H9: 8552.4 | I9: =ROUND(H9*D9,1) -> 68399.5 | J9: 122.24 | K9: =ROUND(J9*D9,2) -> 977.64 | L9: 74.43 | M9: =ROUND(L9*D9,2) -> 595.27 | N9: 71.48 | O9: =IF(N9="","",ROUND(N9*D9,2)) -> 571.67
A10: Август 2026 | B10: 46235 | C10: 46265 | D10: =AVERAGEIFS('Курсы ЦБ'!$D$5:$D$146,'Курсы ЦБ'!$A$5:$A$146,">="&B10,'Курсы ЦБ'!$A$5:$A$146,"<="&C10) -> 8.8069171 | E10: 73.13 | F10: =ROUND(E10*D10,2) -> 644.05 | G10: 126323.1 | H10: 9238.6 | I10: =ROUND(H10*D10,1) -> 81363.6 | J10: 122.95 | K10: =ROUND(J10*D10,2) -> 1082.81 | L10: 73.85 | M10: =ROUND(L10*D10,2) -> 650.39 | N10: 74 | O10: =IF(N10="","",ROUND(N10*D10,2)) -> 651.71
A11: Сентябрь 2026 | B11: 46266 | C11: 46295 | D11: =AVERAGEIFS('Курсы ЦБ'!$D$5:$D$146,'Курсы ЦБ'!$A$5:$A$146,">="&B11,'Курсы ЦБ'!$A$5:$A$146,"<="&C11) -> 9.0954891 | E11: 71.6 | F11: =ROUND(E11*D11,2) -> 651.24 | G11: 133248.9 | H11: 9540.9 | I11: =ROUND(H11*D11,1) -> 86779.2 | J11: 119.91 | K11: =ROUND(J11*D11,2) -> 1090.64 | L11: 74.63 | M11: =ROUND(L11*D11,2) -> 678.8 | O11: =IF(N11="","",ROUND(N11*D11,2))
A13: Цены Sjømatrådet в пресс-релизах: апрель 82,02 NOK/кг, июль 71,48, август «около 74». В релизах за май, июнь и сентябрь цена за кг не названа. Охват продукта у Sjømatrådet отличается от таблицы SSB, поэтому цифры немного выше.
A14: Синий шрифт — данные из источников, чёрный — формулы.

Sheet Пояснения
A1: Что в таблицах
A2: Цены — экспортные: средняя цена на норвежской границе (FOB), включая фрахт и терминальные расходы. Это не розничная цена, не цена производителя и не биржевой спот.
A3: Единицы: цены в норвежских кронах (NOK) и российских рублях (₽) за 1 килограмм; объём — в тоннах; стоимость — в миллионах.
A5: Откуда данные
A6: SSB (Statistics Norway), таблица 03024 «Export of salmon, fish-farm bred, by week»: недельная цена и вес свежего и замороженного лосося. https://data.ssb.no/api/v0/en/table/03024
A7: SSB, таблица 08799 «External trade in goods»: месячный экспорт по товарным кодам. https://data.ssb.no/api/v0/en/table/08799
A8: Sjømatrådet (Норвежский совет по морепродуктам), недельные отчёты «ukestat laks og ørret»: цена целой свежей рыбы и свежего филе (FOB, данные TAD/SSB). Отчёта за неделю 41 пока нет.
A9: ЦБ РФ: официальный курс NOK к рублю. https://www.cbr.ru/scripts/XML_dynamic.asp
A11: Как пересчитано в рубли
A12: Недели: цена в NOK × курс ЦБ РФ на последнюю дату недели (воскресенье). Если курса на эту дату нет, берётся курс на ближайшую предыдущую дату. Дата курса указана в столбце E листа «Недели».
A13: Месяцы: цена в NOK × средний курс ЦБ РФ за месяц.
A14: Рубли — это пересчёт по курсу ЦБ, а не реальная цена в рублях: такого экспорта в рублях нет.
... A21: Индекс SISALMON (Fish Pool/Euronext) в таблицы не вошёл: данные индекса лицензируются.

Sheet Курсы ЦБ
A1: Официальный курс ЦБ РФ: норвежская крона (NOK) к рублю
A2: Источник: ЦБ РФ, https://www.cbr.ru/scripts/XML_dynamic.asp (код валюты R01535). Номинал 10 NOK; курс за 1 NOK = курс за 10 NOK ÷ 10.
A4: Дата | B4: Номинал, NOK | C4: Курс ЦБ, ₽ за 10 NOK | D4: Курс, ₽ за 1 NOK
A5: 46112 | B5: 10 | C5: 83.6821 | D5: =C5/B5 -> 8.36821
A6: 46113 | B6: 10 | C6: 83.3252 | D6: =C6/B6 -> 8.33252
A7: 46114 | B7: 10 | C7: 82.6763 | D7: =C7/B7 -> 8.26763
A8: 46115 | B8: 10 | C8: 83.1787 | D8: =C8/B8 -> 8.31787
A9: 46116 | B9: 10 | C9: 82.5535 | D9: =C9/B9 -> 8.25535
A10: 46119 | B10: 10 | C10: 81.5164 | D10: =C10/B10 -> 8.15164
A11: 46120 | B11: 10 | C11: 81.5391 | D11: =C11/B11 -> 8.15391
A12: 46121 | B12: 10 | C12: 80.923 | D12: =C12/B12 -> 8.0923
A13: 46122 | B13: 10 | C13: 81.6925 | D13: =C13/B13 -> 8.16925
A14: 46123 | B14: 10 | C14: 80.8364 | D14: =C14/B14 -> 8.08364
A15: 46126 | B15: 10 | C15: 80.3263 | D15: =C15/B15 -> 8.03263
A16: 46127 | B16: 10 | C16: 79.8581 | D16: =C16/B16 -> 7.98581
... A146: 46312 | B146: 10 | C146: 87.9825 | D146: =C146/B146 -> 8.79825
